E0,14/08/04,12:30,Aston Villa,Southampton,2,0,H,2,0,H,U Rennie,14,6,5,2,14,9,12,6,0,0,0,0
E0,14/08/04,15:00,Blackburn,West Brom,1,1,D,0,1,A,C Foy,12,4,4,2,15,17,4,5,1,0,0,0
E0,14/08/04,17:30,Bolton,Charlton,4,1,H,2,0,H,P Dowd,21,9,11,5,10,12,9,5,1,1,0,0
E0,14/08/04,20:00,Man City,Fulham,1,1,D,1,0,H,M Messias,12,4,5,2,14,12,9,4,0,2,0,0
E0,14/08/04,14:00,Middlesbrough,Newcastle,2,2,D,0,1,A,S Bennett,15,11,8,4,16,13,6,7,3,1,0,0
E0,14/08/04,16:30,Norwich,Crystal Palace,1,1,D,1,0,H,P Walton,14,14,10,8,14,16,6,11,0,1,0,0
E0,14/08/04,20:15,Portsmouth,Birmingham,1,1,D,1,1,D,H Webb,14,16,8,11,13,16,8,4,2,4,0,0
E0,14/08/04,18:00,Tottenham,Liverpool,1,1,D,0,1,A,D Gallagher,14,16,7,8,17,11,3,8,3,1,0,0
E0,15/08/04,12:30,Chelsea,Man United,1,0,H,1,0,H,G Poll,8,11,5,3,17,8,2,3,0,0,0,0
E0,15/08/04,15:00,Everton,Arsenal,1,4,A,0,2,A,M Riley,9,18,5,14,14,19,0,7,2,1,0,0
E0,21/08/04,17:30,Birmingham,Chelsea,0,1,A,0,0,D,B Knight,9,7,3,3,10,16,8,2,0,0,0,0
E0,21/08/04,20:00,Charlton,Portsmouth,2,1,H,1,0,H,A Wiley,18,10,14,6,9,11,5,6,0,1,0,0
E0,21/08/04,12:00,Crystal Palace,Everton,1,3,A,1,1,D,M Clattenburg,15,14,9,7,6,18,6,6,1,1,0,1
E0,21/08/04,14:00,Fulham,Bolton,2,0,H,1,0,H,R Styles,23,10,12,4,11,13,8,4,0,0,0,0
E0,21/08/04,16:30,Liverpool,Man City,2,1,H,0,1,A,G Poll,15,7,10,4,9,17,8,3,1,3,0,1
E0,21/08/04,19:00,Man United,Norwich,2,1,H,1,0,H,N Barry,17,7,7,2,8,23,11,5,0,1,0,0
E0,21/08/04,18:00,Newcastle,Tottenham,0,1,A,0,0,D,M Dean,13,15,6,8,10,12,13,3,1,2,0,0
E0,21/08/04,20:15,Southampton,Blackburn,3,2,H,1,0,H,A D'Urso,13,10,7,6,12,18,3,6,0,3,0,0
E0,22/08/04,12:30,Arsenal,Middlesbrough,5,3,H,1,1,D,S Dunn,16,9,11,5,8,14,7,5,1,1,0,0
E0,22/08/04,15:00,West Brom,Aston Villa,1,1,D,1,1,D,M Halsey,14,9,5,4,12,20,12,4,2,2,0,0
E0,24/08/04,17:30,Birmingham,Man City,1,0,H,1,0,H,P Dowd,6,4,2,1,20,13,2,5,1,1,0,0
E0,24/08/04,20:00,Crystal Palace,Chelsea,0,2,A,0,1,A,C Foy,7,16,4,10,9,12,1,6,1,1,0,0
E0,25/08/04,12:00,Arsenal,Blackburn,3,0,H,0,0,D,N Barry,15,3,9,0,11,18,6,5,2,4,0,0
E0,25/08/04,14:00,Charlton,Aston Villa,3,0,H,2,0,H,H Webb,7,9,5,4,6,7,4,12,0,1,0,0
E0,25/08/04,16:30,Fulham,Middlesbrough,0,2,A,0,0,D,D Gallagher,6,10,2,5,10,8,1,6,0,1,0,0
E0,25/08/04,19:00,Newcastle,Norwich,2,2,D,1,0,H,M Halsey,23,13,15,5,17,10,12,6,0,1,0,0
E0,25/08/04,17:45,Southampton,Bolton,1,2,A,0,2,A,S Dunn,10,9,6,5,9,8,9,6,1,1,0,0
E0,25/08/04,20:00,West Brom,Tottenham,1,1,D,1,1,D,B Knight,4,12,2,6,13,10,4,5,0,0,0,0
E0,28/08/04,12:30,Aston Villa,Newcastle,4,2,H,1,2,A,M Riley,16,12,13,10,23,11,9,4,3,1,0,0
E0,28/08/04,15:00,Blackburn,Man United,1,1,D,1,0,H,A Wiley,8,24,4,15,25,17,4,14,3,1,1,0
E0,28/08/04,17:30,Chelsea,Southampton,2,1,H,2,1,H,S Bennett,16,6,7,2,11,12,9,0,0,4,0,0
E0,28/08/04,20:00,Everton,West Brom,2,1,H,1,1,D,P Walton,16,12,10,8,11,16,7,6,0,1,0,0
E0,28/08/04,12:00,Man City,Charlton,4,0,H,2,0,H,M Halsey,16,6,10,3,11,8,6,4,0,1,0,0
E0,28/08/04,12:00,Middlesbrough,Crystal Palace,2,1,H,0,0,D,M Dean,24,6,15,2,16,16,4,2,1,2,0,0
E0,28/08/04,14:00,Norwich,Arsenal,1,4,A,0,3,A,G Poll,5,18,5,15,15,5,4,10,1,1,0,0
E0,28/08/04,14:00,Tottenham,Birmingham,1,0,H,1,0,H,M Clattenburg,6,10,3,2,15,5,2,8,4,1,0,0
E0,29/08/04,16:30,Bolton,Liverpool,1,0,H,1,0,H,U Rennie,10,7,8,2,15,14,5,2,2,0,0,0
E0,30/08/04,19:15,Man United,Everton,0,0,D,0,0,D,D Gallagher,14,7,6,2,8,13,8,2,0,2,0,0
E0,30/08/04,12:30,Portsmouth,Fulham,4,3,H,3,2,H,B Knight,21,18,13,10,12,12,6,8,0,2,0,0
E0,11/9/2004,15:00,Aston Villa,Chelsea,0,0,D,0,0,D,R Styles,11,18,5,10,9,12,2,9,0,1,0,0
E0,11/9/2004,17:30,Bolton,Man United,2,2,D,0,1,A,M Messias,12,12,7,7,22,15,4,7,2,1,0,0
E0,11/9/2004,20:00,Fulham,Arsenal,0,3,A,0,0,D,M Halsey,9,12,7,7,16,10,9,4,2,2,0,0
E0,11/9/2004,12:00,Liverpool,West Brom,3,0,H,2,0,H,S Dunn,16,9,9,5,9,11,8,6,0,0,0,0
E0,11/9/2004,14:00,Man City,Everton,0,1,A,0,0,D,S Bennett,13,6,4,5,14,9,9,6,1,3,0,1
E0,11/9/2004,16:30,Middlesbrough,Birmingham,2,1,H,1,1,D,G Poll,14,5,6,3,16,19,6,3,2,3,0,0
E0,11/9/2004,19:15,Newcastle,Blackburn,3,0,H,2,0,H,D Gallagher,7,5,4,1,10,19,8,5,2,1,0,0
E0,11/9/2004,17:30,Portsmouth,Crystal Palace,3,1,H,1,1,D,P Dowd,16,6,7,3,14,21,8,7,0,2,0,0
E0,12/9/2004,20:00,Tottenham,Norwich,0,0,D,0,0,D,H Webb,15,7,7,2,17,9,13,5,2,1,0,0
E0,13/09/04,20:00,Charlton,Southampton,0,0,D,0,0,D,N Barry,8,12,4,7,12,13,9,10,0,1,0,0
E0,18/09/04,12:30,Arsenal,Bolton,2,2,D,1,0,H,P Dowd,11,8,6,5,13,17,3,8,1,3,0,0
E0,18/09/04,15:00,Birmingham,Charlton,1,1,D,0,0,D,U Rennie,7,2,5,1,12,16,12,3,3,2,1,0
E0,18/09/04,17:30,Blackburn,Portsmouth,1,0,H,0,0,D,M Clattenburg,13,6,3,2,13,15,13,4,0,3,0,0
E0,18/09/04,20:00,Crystal Palace,Man City,1,2,A,0,0,D,M Atkinson,3,14,1,10,14,15,2,7,2,2,0,0
E0,18/09/04,14:00,Norwich,Aston Villa,0,0,D,0,0,D,B Knight,14,18,3,9,10,13,1,6,1,1,0,0
E0,18/09/04,16:30,West Brom,Fulham,1,1,D,0,0,D,M Dean,8,9,5,3,11,6,11,9,2,5,1,2
E0,19/09/04,19:15,Chelsea,Tottenham,0,0,D,0,0,D,M Riley,20,6,8,3,16,13,9,6,1,2,0,0
E0,19/09/04,17:30,Everton,Middlesbrough,1,0,H,0,0,D,H Webb,11,16,9,11,13,12,6,3,1,4,0,0
E0,19/09/04,20:00,Southampton,Newcastle,1,2,A,0,1,A,C Foy,11,9,6,3,15,11,7,6,0,3,0,0
E0,20/09/04,20:00,Man United,Liverpool,2,1,H,1,0,H,G Poll,14,6,9,3,22,15,7,2,1,2,0,0
E0,25/09/04,12:30,Aston Villa,Crystal Palace,1,1,D,1,1,D,M Clattenburg,10,13,5,8,10,15,5,8,2,1,0,0
E0,25/09/04,15:00,Bolton,Birmingham,1,1,D,1,0,H,R Styles,16,6,12,2,7,18,7,2,2,1,0,0
E0,25/09/04,17:30,Fulham,Southampton,1,0,H,1,0,H,G Poll,11,15,6,5,11,19,5,4,0,1,0,0
E0,25/09/04,12:00,Liverpool,Norwich,3,0,H,2,0,H,A Wiley,20,2,12,1,10,12,4,2,1,0,0,0
E0,25/09/04,14:00,Man City,Arsenal,0,1,A,0,1,A,N Barry,11,12,7,9,16,8,8,1,1,0,0,0
E0,25/09/04,16:30,Middlesbrough,Chelsea,0,1,A,0,0,D,M Halsey,8,17,4,12,10,15,3,7,0,1,0,0
E0,25/09/04,19:15,Newcastle,West Brom,3,1,H,0,0,D,M Riley,31,7,10,3,15,15,8,3,3,2,0,1
E0,25/09/04,17:30,Tottenham,Man United,0,1,A,0,1,A,P Walton,11,6,5,4,9,10,3,3,1,0,0,0
E0,26/09/04,20:00,Portsmouth,Everton,0,1,A,0,0,D,D Gallagher,11,9,6,2,12,16,3,6,1,1,0,0
E0,27/09/04,17:30,Charlton,Blackburn,1,0,H,0,0,D,S Dunn,6,12,3,7,18,14,6,10,1,1,0,0
E0,2/10/2004,20:00,Arsenal,Charlton,4,0,H,1,0,H,M Dean,15,4,9,0,13,15,6,1,3,1,0,0
E0,2/10/2004,12:30,Blackburn,Aston Villa,2,2,D,1,1,D,P Walton,13,15,7,9,14,17,5,8,2,2,0,0
E0,2/10/2004,15:00,Everton,Tottenham,0,1,A,0,0,D,G Poll,10,8,4,2,9,13,11,2,1,2,0,0
E0,2/10/2004,17:30,Norwich,Portsmouth,2,2,D,0,1,A,M Messias,17,13,9,5,13,7,8,2,1,4,0,0
E0,2/10/2004,20:00,Southampton,Man City,0,0,D,0,0,D,U Rennie,16,21,11,11,13,11,6,14,0,0,0,0
E0,2/10/2004,12:00,West Brom,Bolton,2,1,H,0,0,D,M Clattenburg,13,16,7,7,18,15,6,5,0,0,0,0
E0,3/10/2004,14:00,Birmingham,Newcastle,2,2,D,1,1,D,H Webb,10,6,6,3,17,14,6,5,3,2,0,0
E0,3/10/2004,16:30,Chelsea,Liverpool,1,0,H,0,0,D,P Dowd,13,5,5,3,14,20,11,2,0,1,0,0
E0,3/10/2004,19:15,Man United,Middlesbrough,1,1,D,0,1,A,R Styles,22,13,10,9,8,13,10,2,1,3,0,0
E0,4/10/2004,12:30,Crystal Palace,Fulham,2,0,H,0,0,D,M Riley,20,8,10,5,10,10,10,3,1,1,0,1
E0,16/10/04,15:00,Arsenal,Aston Villa,3,1,H,2,1,H,G Poll,18,5,15,2,11,22,6,3,2,4,0,0
E0,16/10/04,17:30,Birmingham,Man United,0,0,D,0,0,D,M Halsey,14,12,6,7,16,11,3,3,1,0,0,0
E0,16/10/04,20:00,Blackburn,Middlesbrough,0,4,A,0,0,D,M Riley,12,16,5,10,12,14,2,10,2,1,1,0
E0,16/10/04,12:00,Bolton,Crystal Palace,1,0,H,1,0,H,N Barry,21,7,7,2,19,14,7,3,1,1,0,0
E0,16/10/04,14:00,Everton,Southampton,1,0,H,0,0,D,B Knight,14,8,5,4,5,14,5,6,0,0,0,0
E0,16/10/04,16:30,Fulham,Liverpool,2,4,A,2,0,H,S Bennett,5,10,3,3,12,14,3,6,1,3,0,1
E0,16/10/04,19:15,Man City,Chelsea,1,0,H,1,0,H,H Webb,4,9,1,3,6,7,0,12,1,2,0,0
E0,16/10/04,17:30,West Brom,Norwich,0,0,D,0,0,D,P Crossley,9,12,2,5,13,21,2,3,2,2,0,0
E0,17/10/04,20:00,Charlton,Newcastle,1,1,D,0,1,A,P Walton,11,15,6,8,15,7,8,9,1,1,0,0
E0,18/10/04,20:00,Portsmouth,Tottenham,1,0,H,0,0,D,U Rennie,11,16,6,7,12,11,3,5,0,0,0,0
E0,23/10/04,12:30,Aston Villa,Fulham,2,0,H,1,0,H,P Dowd,11,7,5,1,21,14,8,4,0,1,0,0
E0,23/10/04,15:00,Chelsea,Blackburn,4,0,H,2,0,H,G Poll,17,7,13,4,11,11,12,3,1,2,0,0
E0,23/10/04,17:30,Crystal Palace,West Brom,3,0,H,2,0,H,M Messias,11,11,4,6,11,15,7,10,1,3,0,0
E0,23/10/04,20:00,Liverpool,Charlton,2,0,H,0,0,D,A D'Urso,17,3,7,1,9,11,12,0,0,1,0,0
E0,23/10/04,14:00,Norwich,Everton,2,3,A,0,2,A,M Clattenburg,22,13,10,9,8,11,11,4,0,2,0,0
E0,23/10/04,16:30,Tottenham,Bolton,1,2,A,1,1,D,C Foy,8,6,5,4,14,17,2,3,0,0,0,0
E0,24/10/04,19:15,Man United,Arsenal,2,0,H,0,0,D,M Riley,11,12,5,6,20,23,3,3,2,3,0,0
E0,24/10/04,17:30,Middlesbrough,Portsmouth,1,1,D,0,1,A,M Atkinson,26,3,11,1,5,5,9,0,0,2,0,0
E0,24/10/04,20:00,Newcastle,Man City,4,3,H,0,0,D,S Dunn,16,11,11,6,13,14,7,5,2,3,0,0
E0,24/10/04,12:30,Southampton,Birmingham,0,0,D,0,0,D,M Dean,6,8,1,2,11,11,4,4,0,1,0,0
E0,30/10/04,15:00,Arsenal,Southampton,2,2,D,0,0,D,M Messias,14,7,9,4,8,21,7,7,1,4,0,0
E0,30/10/04,17:30,Birmingham,Crystal Palace,0,1,A,0,1,A,D Gallagher,16,4,11,1,8,14,11,3,1,1,0,0
E0,30/10/04,20:00,Blackburn,Liverpool,2,2,D,2,1,H,R Styles,8,13,7,9,14,11,6,6,2,1,0,0
E0,30/10/04,12:00,Charlton,Middlesbrough,1,2,A,0,1,A,M Halsey,8,11,7,7,14,8,3,4,3,0,0,0
E0,30/10/04,14:15,Everton,Aston Villa,1,1,D,1,1,D,S Dunn,20,9,8,5,10,19,8,3,1,1,0,0
E0,30/10/04,16:30,Fulham,Tottenham,2,0,H,1,0,H,A Wiley,8,5,4,1,11,9,5,4,0,1,0,0
E0,30/10/04,19:15,Portsmouth,Man United,2,0,H,0,0,D,N Barry,11,20,7,9,19,9,3,9,0,2,0,0
E0,30/10/04,20:00,West Brom,Chelsea,1,4,A,0,1,A,B Knight,12,19,9,9,12,8,2,6,1,0,0,0
E0,31/10/04,20:00,Bolton,Newcastle,2,1,H,0,0,D,G Poll,17,5,11,4,14,11,4,5,1,1,0,0
E0,1/11/2004,12:30,Man City,Norwich,1,1,D,1,0,H,S Bennett,19,10,11,5,10,13,9,4,1,0,0,0
E0,6/11/2004,15:00,Aston Villa,Portsmouth,3,0,H,3,0,H,M Halsey,10,7,9,2,8,13,6,4,1,1,0,0
E0,6/11/2004,17:30,Chelsea,Everton,1,0,H,0,0,D,M Riley,12,3,3,1,10,15,16,3,1,3,0,0
E0,6/11/2004,20:00,Crystal Palace,Arsenal,1,1,D,0,0,D,M Dean,3,19,1,13,10,8,1,8,0,1,0,0
E0,6/11/2004,12:00,Liverpool,Birmingham,0,1,A,0,0,D,U Rennie,17,6,8,1,19,17,4,5,3,1,0,0
E0,6/11/2004,14:15,Norwich,Blackburn,1,1,D,0,0,D,S Dunn,12,15,5,9,18,12,7,4,1,0,0,1
E0,6/11/2004,16:30,Southampton,West Brom,2,2,D,1,2,A,S Bennett,11,10,6,5,13,14,5,1,2,0,0,0
E0,6/11/2004,19:15,Tottenham,Charlton,2,3,A,0,2,A,N Barry,19,3,11,3,6,13,5,1,0,2,0,1
E0,7/11/2004,19:15,Man United,Man City,0,0,D,0,0,D,G Poll,15,3,10,1,10,10,16,1,2,2,1,0
E0,7/11/2004,18:00,Middlesbrough,Bolton,1,1,D,0,0,D,P Walton,14,7,5,4,13,12,3,3,1,3,0,1
E0,7/11/2004,20:00,Newcastle,Fulham,1,4,A,0,1,A,H Webb,26,11,20,7,12,16,19,0,1,1,0,0
E0,13/11/04,18:00,Birmingham,Everton,0,1,A,0,0,D,R Styles,15,9,4,8,13,12,5,3,0,1,1,0
E0,13/11/04,18:00,Bolton,Aston Villa,1,2,A,1,1,D,A D'Urso,15,10,7,5,10,17,9,5,1,1,0,0
E0,13/11/04,18:00,Charlton,Norwich,4,0,H,2,0,H,A Marriner,16,8,11,4,14,11,1,5,0,3,0,0
E0,13/11/04,20:00,Fulham,Chelsea,1,4,A,0,1,A,U Rennie,7,16,2,11,13,13,1,5,0,2,0,0
E0,13/11/04,20:00,Liverpool,Crystal Palace,3,2,H,2,1,H,P Dowd,18,4,5,4,13,17,7,1,1,3,0,0
E0,13/11/04,20:00,Man City,Blackburn,1,1,D,1,0,H,M Clattenburg,8,11,7,2,19,13,3,5,1,3,1,0
E0,13/11/04,18:00,Southampton,Portsmouth,2,1,H,1,1,D,G Poll,11,13,5,6,14,15,4,8,1,3,0,0
E0,13/11/04,20:00,Tottenham,Arsenal,4,5,A,1,1,D,S Bennett,10,10,7,6,20,9,3,4,3,0,0,0
E0,14/11/04,12:30,Newcastle,Man United,1,3,A,0,1,A,M Dean,13,12,7,7,11,16,2,7,2,0,0,0
E0,14/11/04,15:00,West Brom,Middlesbrough,1,2,A,1,1,D,S Dunn,16,11,6,7,14,14,7,10,0,0,0,0
E0,20/11/04,17:30,Arsenal,West Brom,1,1,D,0,0,D,H Webb,11,4,4,2,9,12,12,3,0,1,0,0
E0,20/11/04,20:00,Chelsea,Bolton,2,2,D,1,0,H,D Gallagher,17,10,11,5,18,11,9,2,1,0,0,0
E0,20/11/04,12:00,Crystal Palace,Newcastle,0,2,A,0,0,D,M Halsey,7,17,5,9,13,10,3,5,1,3,0,0
E0,20/11/04,14:15,Everton,Fulham,1,0,H,0,0,D,G Poll,13,6,7,4,11,24,12,7,0,1,0,0
E0,20/11/04,16:30,Man United,Charlton,2,0,H,1,0,H,R Styles,20,5,11,2,8,13,6,3,0,0,0,0
E0,20/11/04,19:15,Middlesbrough,Liverpool,2,0,H,1,0,H,S Bennett,14,17,6,10,14,10,3,5,3,2,0,0
E0,20/11/04,17:30,Norwich,Southampton,2,1,H,1,1,D,M Riley,9,14,8,7,19,14,4,6,1,1,0,0
E0,20/11/04,20:00,Portsmouth,Man City,1,3,A,1,1,D,M Messias,9,18,7,13,8,14,8,11,3,0,0,0
E0,21/11/04,12:30,Blackburn,Birmingham,3,3,D,1,3,A,N Barry,15,8,10,5,12,9,6,9,1,1,0,0
E0,22/11/04,15:00,Aston Villa,Tottenham,1,0,H,0,0,D,C Foy,9,11,5,6,17,11,5,5,0,0,0,0
E0,27/11/04,15:00,Birmingham,Norwich,1,1,D,1,0,H,G Poll,16,7,10,3,14,12,6,1,2,1,0,0
E0,27/11/04,17:30,Bolton,Portsmouth,0,1,A,0,1,A,S Dunn,19,8,10,4,13,14,7,6,0,1,0,0
E0,27/11/04,20:00,Charlton,Chelsea,0,4,A,0,1,A,M Clattenburg,8,16,4,12,13,11,7,10,0,1,0,0
E0,27/11/04,20:00,Fulham,Blackburn,0,2,A,0,1,A,R Styles,12,17,6,4,9,13,6,6,2,1,1,0
E0,27/11/04,12:00,Man City,Aston Villa,2,0,H,2,0,H,M Riley,11,7,6,3,14,19,8,8,1,1,0,1
E0,27/11/04,14:15,Southampton,Crystal Palace,2,2,D,0,0,D,P Walton,15,11,8,8,7,11,4,8,0,3,0,0
E0,27/11/04,16:30,West Brom,Man United,0,3,A,0,0,D,S Bennett,3,18,2,9,13,11,1,8,0,0,0,0
E0,28/11/04,19:15,Liverpool,Arsenal,2,1,H,1,0,H,A Wiley,11,3,7,2,6,16,6,0,0,2,0,0
E0,28/11/04,15:00,Newcastle,Everton,1,1,D,1,0,H,N Barry,19,7,9,3,14,19,8,4,1,3,0,0
E0,28/11/04,17:30,Tottenham,Middlesbrough,2,0,H,0,0,D,P Dowd,14,8,9,3,11,13,5,7,1,2,0,1
E0,4/12/2004,18:00,Arsenal,Birmingham,3,0,H,1,0,H,D Gallagher,7,2,4,1,7,15,4,2,0,1,0,0
E0,4/12/2004,18:00,Aston Villa,Liverpool,1,1,D,1,1,D,M Halsey,3,12,2,7,10,10,3,9,1,0,0,0
E0,4/12/2004,18:00,Blackburn,Tottenham,0,1,A,0,0,D,M Dean,12,10,7,8,11,11,7,5,3,1,0,0
E0,4/12/2004,18:00,Chelsea,Newcastle,4,0,H,0,0,D,R Styles,14,9,9,5,12,15,3,2,1,2,0,0
E0,4/12/2004,20:00,Everton,Bolton,3,2,H,1,1,D,H Webb,12,10,3,6,14,18,4,4,0,3,0,0
E0,4/12/2004,20:00,Man United,Southampton,3,0,H,0,0,D,B Knight,34,4,14,0,5,10,16,2,0,1,0,0
E0,4/12/2004,17:30,Norwich,Fulham,0,1,A,0,1,A,A Wiley,10,15,4,9,22,22,5,4,1,3,0,0
E0,4/12/2004,20:00,Portsmouth,West Brom,3,2,H,1,2,A,P Walton,14,10,10,4,14,14,8,3,0,2,0,0
E0,5/12/2004,12:30,Crystal Palace,Charlton,0,1,A,0,0,D,M Messias,5,11,3,7,16,14,5,3,2,3,0,0
E0,6/12/2004,15:00,Middlesbrough,Man City,3,2,H,1,1,D,G Poll,11,9,7,6,14,18,6,4,0,3,0,0
E0,11/12/2004,17:30,Crystal Palace,Blackburn,0,0,D,0,0,D,A Wiley,8,16,1,8,19,20,2,1,3,3,0,1
E0,11/12/2004,20:00,Everton,Liverpool,1,0,H,0,0,D,S Bennett,6,16,2,5,12,14,2,7,2,3,0,0
E0,11/12/2004,14:15,Man City,Tottenham,0,1,A,0,0,D,D Gallagher,8,5,3,2,8,9,6,2,1,2,0,0
E0,11/12/2004,16:30,Newcastle,Portsmouth,1,1,D,1,1,D,M Riley,15,6,2,3,12,15,6,2,1,2,0,0
E0,11/12/2004,20:00,Norwich,Bolton,3,2,H,1,2,A,B Knight,9,4,4,3,10,26,4,4,1,3,0,0
E0,11/12/2004,18:00,Southampton,Middlesbrough,2,2,D,1,0,H,N Barry,16,15,5,7,11,12,4,6,1,1,0,0
E0,11/12/2004,20:15,West Brom,Charlton,0,1,A,0,1,A,C Foy,7,8,4,2,16,13,6,6,0,0,0,0
E0,12/12/2004,20:15,Arsenal,Chelsea,2,2,D,2,1,H,G Poll,10,10,5,5,11,17,4,6,1,3,0,0
E0,12/12/2004,18:00,Aston Villa,Birmingham,1,2,A,0,2,A,S Dunn,9,9,3,5,9,28,6,0,2,4,0,0
E0,13/12/04,20:15,Fulham,Man United,1,1,D,0,1,A,P Dowd,7,14,3,6,15,11,6,7,2,1,0,0
E0,14/12/04,20:00,Liverpool,Portsmouth,1,1,D,0,0,D,M Clattenburg,12,7,7,4,6,9,6,4,0,0,0,0
E0,18/12/04,12:30,Birmingham,West Brom,4,0,H,3,0,H,M Riley,7,11,5,9,14,20,2,2,0,4,0,0
E0,18/12/04,15:00,Blackburn,Everton,0,0,D,0,0,D,M Halsey,13,5,9,2,25,21,7,3,1,2,0,0
E0,18/12/04,15:00,Bolton,Man City,0,1,A,0,0,D,U Rennie,14,6,6,2,17,12,8,1,0,0,0,0
E0,18/12/04,17:30,Chelsea,Norwich,4,0,H,3,0,H,M Dean,12,1,8,0,12,11,7,3,0,0,0,0
E0,18/12/04,20:00,Man United,Crystal Palace,5,2,H,2,1,H,S Dunn,19,4,14,3,12,8,15,3,0,1,0,0
E0,18/12/04,14:00,Middlesbrough,Aston Villa,3,0,H,1,0,H,A D'Urso,9,14,8,6,6,18,5,6,0,1,0,0
E0,18/12/04,16:30,Tottenham,Southampton,5,1,H,3,0,H,P Dowd,18,7,12,4,9,13,6,3,0,2,0,0
E0,19/12/04,19:15,Liverpool,Newcastle,3,1,H,2,1,H,G Poll,15,7,5,3,12,19,5,5,0,3,0,1
E0,19/12/04,20:00,Portsmouth,Arsenal,0,1,A,0,0,D,H Webb,11,13,5,5,13,9,5,7,0,1,0,0
E0,20/12/04,18:00,Charlton,Fulham,2,1,H,1,0,H,S Bennett,8,6,5,4,14,16,5,3,1,2,0,0
E0,26/12/04,20:15,Arsenal,Fulham,2,0,H,1,0,H,B Knight,11,2,8,1,12,9,7,6,1,2,0,0
E0,26/12/04,18:00,Birmingham,Middlesbrough,2,0,H,2,0,H,S Bennett,11,9,10,6,17,9,5,3,1,0,0,0
E0,26/12/04,20:15,Blackburn,Newcastle,2,2,D,1,2,A,M Messias,21,5,11,3,18,19,7,5,1,2,0,0
E0,26/12/04,20:00,Chelsea,Aston Villa,1,0,H,1,0,H,P Walton,14,9,7,7,12,13,6,3,3,3,0,0
E0,26/12/04,20:00,Crystal Palace,Portsmouth,0,1,A,0,0,D,N Barry,18,11,10,6,10,14,9,7,0,2,0,0
E0,26/12/04,18:00,Everton,Man City,2,1,H,1,1,D,P Dowd,9,10,6,6,14,21,4,4,1,2,0,1
E0,26/12/04,18:00,Man United,Bolton,2,0,H,1,0,H,D Gallagher,14,8,7,1,12,14,9,0,0,0,0,0
E0,26/12/04,20:15,Norwich,Tottenham,0,2,A,0,0,D,M Riley,13,16,8,9,11,9,10,8,1,0,0,0
E0,26/12/04,20:15,Southampton,Charlton,0,0,D,0,0,D,S Dunn,12,15,4,5,7,12,5,11,1,0,0,0
E0,26/12/04,18:00,West Brom,Liverpool,0,5,A,0,1,A,R Styles,2,16,1,8,12,13,4,11,0,0,1,0
E0,28/12/04,18:00,Aston Villa,Man United,0,1,A,0,1,A,G Poll,8,15,6,7,14,10,6,9,0,3,0,0
E0,28/12/04,19:30,Bolton,Blackburn,0,1,A,0,1,A,R Styles,13,7,5,5,13,10,5,1,2,2,0,0
E0,28/12/04,20:15,Charlton,Everton,2,0,H,0,0,D,M Riley,12,5,8,3,13,11,8,2,0,0,0,1
E0,28/12/04,20:15,Fulham,Birmingham,2,3,A,1,2,A,M Clattenburg,10,6,7,5,9,13,7,3,1,0,0,0
E0,28/12/04,20:00,Liverpool,Southampton,1,0,H,1,0,H,M Halsey,19,3,11,2,6,12,7,3,0,3,0,0
E0,28/12/04,12:30,Man City,West Brom,1,1,D,1,0,H,A D'Urso,11,0,4,0,7,10,11,0,0,0,0,1
E0,28/12/04,15:00,Middlesbrough,Norwich,2,0,H,0,0,D,H Webb,17,10,11,2,13,10,8,4,1,1,0,0
E0,28/12/04,15:00,Portsmouth,Chelsea,0,2,A,0,0,D,A Wiley,4,12,2,9,12,15,5,4,1,3,0,0
E0,28/12/04,15:00,Tottenham,Crystal Palace,1,1,D,0,0,D,U Rennie,17,11,14,7,10,15,5,6,1,0,0,0
E0,29/12/04,17:30,Newcastle,Arsenal,0,1,A,0,1,A,S Bennett,9,13,5,6,10,21,4,8,1,4,0,0
E0,1/1/2005,20:00,Aston Villa,Blackburn,1,0,H,0,0,D,H Webb,11,9,3,4,9,9,6,7,1,0,0,0
E0,1/1/2005,12:00,Bolton,West Brom,1,1,D,0,1,A,M Dean,25,11,15,7,13,15,7,3,0,1,0,0
E0,1/1/2005,14:00,Charlton,Arsenal,1,3,A,1,1,D,M Halsey,7,8,4,5,13,15,1,2,1,1,0,0
E0,1/1/2005,16:30,Fulham,Crystal Palace,3,1,H,1,1,D,D Gallagher,12,7,6,3,11,18,4,2,1,3,0,0
E0,1/1/2005,19:15,Liverpool,Chelsea,0,1,A,0,0,D,M Riley,14,8,7,7,14,16,3,2,2,2,0,0
E0,1/1/2005,18:00,Man City,Southampton,2,1,H,2,0,H,C Foy,15,6,8,1,12,9,9,8,0,0,0,0
E0,1/1/2005,18:00,Middlesbrough,Man United,0,2,A,0,1,A,A Wiley,6,13,2,7,13,9,10,4,1,0,0,0
E0,1/1/2005,20:15,Newcastle,Birmingham,2,1,H,2,0,H,R Styles,8,10,4,8,8,14,6,5,1,2,0,0
E0,1/1/2005,20:15,Portsmouth,Norwich,1,1,D,0,1,A,P Dowd,14,6,6,5,13,6,7,5,3,0,0,1
E0,1/1/2005,18:00,Tottenham,Everton,5,2,H,2,1,H,S Dunn,14,6,12,3,8,13,6,4,0,0,0,0
E0,3/1/2005,18:00,Blackburn,Charlton,1,0,H,1,0,H,A Wiley,16,9,11,6,11,14,6,8,2,3,0,0
E0,3/1/2005,19:30,Crystal Palace,Aston Villa,2,0,H,1,0,H,A D'Urso,14,12,9,6,8,14,7,7,2,3,0,0
E0,3/1/2005,20:15,Norwich,Liverpool,1,2,A,0,0,D,H Webb,7,11,4,6,16,19,5,2,2,3,0,0
E0,3/1/2005,20:15,West Brom,Newcastle,0,0,D,0,0,D,N Barry,8,12,5,7,9,7,1,6,2,0,0,0
E0,4/1/2005,20:00,Arsenal,Man City,1,1,D,0,1,A,R Styles,13,5,9,4,10,13,12,5,3,3,0,0
E0,4/1/2005,12:30,Birmingham,Bolton,1,2,A,0,1,A,U Rennie,14,11,8,6,12,12,6,5,2,2,0,0
E0,4/1/2005,15:00,Chelsea,Middlesbrough,2,0,H,2,0,H,S Bennett,14,2,10,1,15,9,4,3,2,1,0,0
E0,4/1/2005,15:00,Everton,Portsmouth,2,1,H,1,1,D,P Walton,17,9,7,6,5,9,8,1,0,0,0,0
E0,4/1/2005,17:30,Man United,Tottenham,0,0,D,0,0,D,M Clattenburg,23,7,16,5,11,13,8,2,1,2,0,0
E0,5/1/2005,20:00,Southampton,Fulham,3,3,D,2,2,D,G Poll,8,12,5,7,16,16,2,10,2,2,0,0
E0,15/01/05,12:00,Aston Villa,Norwich,3,0,H,2,0,H,M Riley,22,7,10,1,15,12,7,5,0,0,0,0
E0,15/01/05,14:00,Bolton,Arsenal,1,0,H,1,0,H,M Clattenburg,9,11,3,7,8,8,8,7,2,1,0,0
E0,15/01/05,16:30,Charlton,Birmingham,3,1,H,1,0,H,C Foy,10,10,6,6,11,10,4,4,0,2,0,0
E0,15/01/05,19:15,Liverpool,Man United,0,1,A,0,1,A,S Bennett,13,5,5,2,12,25,9,4,2,4,0,1
E0,15/01/05,20:00,Man City,Crystal Palace,3,1,H,2,1,H,A Marriner,16,7,9,2,10,11,7,7,2,1,0,0
E0,15/01/05,12:30,Newcastle,Southampton,2,1,H,2,1,H,U Rennie,22,9,17,6,12,20,14,4,0,2,0,0
E0,15/01/05,15:00,Portsmouth,Blackburn,0,1,A,0,0,D,A D'Urso,11,14,1,6,13,23,5,6,2,6,2,0
E0,15/01/05,17:30,Tottenham,Chelsea,0,2,A,0,1,A,G Poll,12,12,4,5,14,12,4,7,2,4,0,0
E0,16/01/05,20:00,Fulham,West Brom,1,0,H,0,0,D,P Walton,8,7,4,6,12,12,7,5,3,1,0,0
E0,16/01/05,12:00,Middlesbrough,Everton,1,1,D,1,0,H,D Gallagher,18,13,12,5,12,10,9,6,1,2,0,0
E0,22/01/05,14:00,Birmingham,Fulham,1,2,A,0,0,D,P Dowd,8,6,5,3,16,11,5,3,1,3,0,0
E0,22/01/05,16:30,Chelsea,Portsmouth,3,0,H,3,0,H,M Riley,14,9,9,5,2,9,2,3,0,0,0,0
E0,22/01/05,19:00,Crystal Palace,Tottenham,3,0,H,0,0,D,C Foy,8,12,7,6,9,14,5,4,1,2,0,0
E0,22/01/05,18:00,Everton,Charlton,0,1,A,0,1,A,H Webb,12,4,7,3,13,10,9,5,1,2,0,0
E0,22/01/05,20:00,Man United,Aston Villa,3,1,H,1,0,H,M Halsey,18,10,11,6,11,21,4,2,2,5,0,0
E0,22/01/05,18:00,Norwich,Middlesbrough,4,4,D,1,1,D,M Messias,17,22,9,15,11,16,5,8,0,3,0,0
E0,22/01/05,20:15,Southampton,Liverpool,2,0,H,2,0,H,A Wiley,11,11,7,2,10,12,6,3,1,2,0,0
E0,22/01/05,20:00,West Brom,Man City,2,0,H,1,0,H,G Poll,13,11,6,5,9,12,3,11,2,0,0,0
E0,23/01/05,12:30,Arsenal,Newcastle,1,0,H,1,0,H,S Dunn,13,4,8,1,17,19,11,1,2,3,0,0
E0,24/01/05,15:00,Blackburn,Bolton,0,1,A,0,0,D,S Bennett,9,6,4,3,16,19,7,7,1,4,0,0
E0,1/2/2005,17:30,Arsenal,Man United,2,4,A,2,1,H,G Poll,11,10,10,9,20,16,6,7,2,4,0,1
E0,1/2/2005,20:00,Bolton,Tottenham,3,1,H,0,0,D,M Dean,15,11,9,5,9,17,4,6,0,2,0,1
E0,1/2/2005,12:00,Charlton,Liverpool,1,2,A,1,0,H,N Barry,4,19,3,7,11,15,3,7,0,0,0,0
E0,1/2/2005,14:05,Portsmouth,Middlesbrough,2,1,H,1,1,D,P Crossley,14,9,5,2,9,8,9,5,1,2,0,0
E0,1/2/2005,16:30,West Brom,Crystal Palace,2,2,D,0,0,D,D Gallagher,12,4,7,4,17,11,8,4,1,0,0,1
E0,2/2/2005,19:00,Birmingham,Southampton,2,1,H,2,0,H,P Walton,12,6,4,3,11,18,8,1,0,2,0,0
E0,2/2/2005,20:00,Blackburn,Chelsea,0,1,A,0,1,A,U Rennie,11,6,2,3,24,15,4,4,2,2,0,0
E0,2/2/2005,18:00,Everton,Norwich,1,0,H,0,0,D,A Wiley,18,11,4,6,12,16,3,3,1,0,0,0
E0,2/2/2005,12:30,Fulham,Aston Villa,1,1,D,0,0,D,C Foy,12,12,3,2,12,17,4,8,1,3,0,0
E0,2/2/2005,15:00,Man City,Newcastle,1,1,D,0,1,A,A D'Urso,5,3,1,1,11,18,3,1,2,3,0,0
E0,5/2/2005,17:30,Aston Villa,Arsenal,1,3,A,0,3,A,S Bennett,5,15,1,6,13,11,5,2,2,0,0,0
E0,5/2/2005,20:00,Crystal Palace,Bolton,0,1,A,0,1,A,G Poll,17,9,7,6,16,10,6,4,0,1,0,0
E0,5/2/2005,12:00,Liverpool,Fulham,3,1,H,1,1,D,R Styles,10,6,7,2,12,13,4,3,1,4,0,0
E0,5/2/2005,12:00,Man United,Birmingham,2,0,H,0,0,D,D Gallagher,17,7,11,1,10,16,5,2,1,3,0,0
E0,5/2/2005,14:00,Middlesbrough,Blackburn,1,0,H,1,0,H,M Riley,13,6,7,3,14,10,8,10,1,2,1,0
E0,5/2/2005,16:30,Newcastle,Charlton,1,1,D,0,0,D,M Halsey,21,8,10,2,10,12,7,2,1,1,0,0
E0,5/2/2005,19:15,Norwich,West Brom,3,2,H,1,1,D,C Foy,13,15,7,8,18,13,3,3,0,3,0,0
E0,5/2/2005,20:00,Tottenham,Portsmouth,3,1,H,1,1,D,S Dunn,18,6,10,3,10,8,9,2,0,0,0,0
E0,6/2/2005,20:00,Chelsea,Man City,0,0,D,0,0,D,H Webb,11,5,8,2,9,11,7,1,2,1,0,0
E0,6/2/2005,18:00,Southampton,Everton,2,2,D,1,1,D,A D'Urso,21,8,9,4,15,11,8,3,0,2,0,0
E0,12/2/2005,18:00,Birmingham,Liverpool,2,0,H,2,0,H,H Webb,5,6,3,2,16,10,10,4,2,0,0,0
E0,12/2/2005,20:15,Blackburn,Norwich,3,0,H,2,0,H,S Dunn,18,9,13,6,15,14,12,3,2,1,0,0
E0,12/2/2005,18:00,Bolton,Middlesbrough,0,0,D,0,0,D,A Wiley,13,5,8,2,11,15,3,2,0,1,0,0
E0,12/2/2005,18:00,Everton,Chelsea,0,1,A,0,0,D,M Riley,4,25,2,11,14,9,3,9,1,2,1,0
E0,12/2/2005,20:15,Portsmouth,Aston Villa,1,2,A,1,1,D,D Gallagher,9,6,3,4,14,22,6,3,2,1,0,0
E0,13/02/05,12:30,Man City,Man United,0,2,A,0,0,D,S Bennett,9,10,3,3,9,14,4,6,2,3,0,0
E0,14/02/05,15:00,Arsenal,Crystal Palace,5,1,H,3,0,H,R Styles,17,6,12,3,8,17,5,1,1,2,0,0
E0,22/02/05,17:30,West Brom,Southampton,0,0,D,0,0,D,M Riley,9,11,4,7,15,15,7,3,2,3,0,0
E0,26/02/05,20:00,Aston Villa,Everton,1,3,A,0,1,A,G Poll,9,15,6,9,22,17,3,7,3,0,0,0
E0,26/02/05,12:00,Crystal Palace,Birmingham,2,0,H,1,0,H,P Dowd,8,9,2,5,23,15,4,7,3,3,0,0
E0,26/02/05,14:00,Man United,Portsmouth,2,1,H,1,0,H,M Halsey,13,8,6,4,15,15,4,3,1,2,0,0
E0,26/02/05,16:30,Southampton,Arsenal,1,1,D,0,1,A,A Wiley,10,17,3,12,9,13,3,5,1,1,1,1
E0,26/02/05,19:15,Tottenham,Fulham,2,0,H,0,0,D,N Barry,18,8,8,5,6,13,13,2,0,1,0,0
E0,27/02/05,18:00,Middlesbrough,Charlton,2,2,D,0,1,A,M Riley,21,5,18,2,10,15,10,1,0,3,0,0
E0,27/02/05,20:00,Newcastle,Bolton,2,1,H,1,1,D,S Dunn,14,4,9,2,12,19,6,3,0,2,0,0
E0,28/02/05,18:00,Norwich,Man City,2,3,A,2,2,D,R Styles,5,17,4,10,12,7,3,12,2,2,1,0
E0,5/3/2005,20:00,Arsenal,Portsmouth,3,0,H,1,0,H,C Foy,11,5,6,2,12,15,7,3,0,2,0,0
E0,5/3/2005,12:30,Aston Villa,Middlesbrough,2,0,H,0,0,D,R Styles,8,5,4,1,8,6,5,4,1,2,0,0
E0,5/3/2005,15:00,Crystal Palace,Man United,0,0,D,0,0,D,M Clattenburg,2,16,1,9,12,9,2,7,5,4,1,0
E0,5/3/2005,17:30,Fulham,Charlton,0,0,D,0,0,D,S Bennett,10,9,5,6,9,12,5,5,3,2,0,0
E0,5/3/2005,20:00,Newcastle,Liverpool,1,0,H,0,0,D,H Webb,13,6,4,3,11,16,5,4,2,2,0,0
E0,5/3/2005,12:00,Norwich,Chelsea,1,3,A,0,1,A,M Halsey,8,23,5,13,14,15,7,7,1,2,0,0
E0,5/3/2005,14:00,Southampton,Tottenham,1,0,H,0,0,D,P Walton,9,13,4,8,7,11,4,10,1,2,0,0
E0,6/3/2005,16:30,Everton,Blackburn,0,1,A,0,0,D,P Dowd,12,11,4,5,15,20,6,3,3,2,0,0
E0,6/3/2005,19:15,West Brom,Birmingham,2,0,H,0,0,D,S Dunn,12,7,7,0,16,18,13,3,1,1,0,0
E0,7/3/2005,20:00,Man City,Bolton,0,1,A,0,1,A,A Wiley,8,11,3,3,10,21,5,5,1,2,0,0
E0,15/03/05,20:00,Chelsea,West Brom,1,0,H,1,0,H,N Barry,23,7,11,4,13,9,8,3,0,1,0,0
E0,16/03/05,20:00,Charlton,Tottenham,2,0,H,1,0,H,C Foy,5,7,2,4,15,16,5,2,1,4,0,0
E0,16/03/05,15:00,Liverpool,Blackburn,0,0,D,0,0,D,B Knight,7,5,2,2,12,13,11,3,1,1,0,0
E0,19/03/05,19:30,Blackburn,Arsenal,0,1,A,0,1,A,G Poll,9,10,2,8,21,8,4,6,3,1,0,0
E0,19/03/05,12:30,Bolton,Norwich,1,0,H,1,0,H,P Walton,16,6,10,2,20,16,7,6,3,1,0,0
E0,19/03/05,15:00,Charlton,West Brom,1,4,A,1,1,D,M Halsey,8,14,5,9,11,8,3,9,0,0,1,0
E0,19/03/05,17:30,Chelsea,Crystal Palace,4,1,H,1,1,D,P Dowd,20,6,13,3,13,16,10,4,1,0,0,0
E0,19/03/05,20:00,Man United,Fulham,1,0,H,1,0,H,A D'Urso,19,10,12,6,7,11,18,3,0,1,0,0
E0,19/03/05,12:00,Portsmouth,Newcastle,1,1,D,1,1,D,M Messias,13,11,6,6,15,19,4,3,5,4,0,0
E0,19/03/05,14:05,Tottenham,Man City,2,1,H,1,1,D,B Knight,12,11,9,7,13,13,6,4,2,3,0,0
E0,20/03/05,16:30,Birmingham,Aston Villa,2,0,H,0,0,D,M Riley,10,5,4,4,12,20,2,3,3,3,0,0
E0,20/03/05,19:30,Liverpool,Everton,2,1,H,2,0,H,R Styles,15,4,8,2,13,15,5,1,1,4,1,0
E0,20/03/05,18:00,Middlesbrough,Southampton,1,3,A,1,1,D,U Rennie,14,12,8,7,20,17,3,6,0,0,0,0
E0,2/4/2005,20:15,Arsenal,Norwich,4,1,H,2,1,H,A Wiley,21,3,15,1,8,11,10,3,1,0,0,0
E0,2/4/2005,20:00,Birmingham,Tottenham,1,1,D,0,0,D,H Webb,14,9,7,5,6,10,3,3,0,1,0,0
E0,2/4/2005,12:30,Charlton,Man City,2,2,D,1,2,A,R Styles,9,16,3,8,6,8,6,7,1,0,0,0
E0,2/4/2005,15:00,Crystal Palace,Middlesbrough,0,1,A,0,1,A,S Dunn,23,7,13,5,6,19,8,3,0,4,0,0
E0,2/4/2005,17:30,Liverpool,Bolton,1,0,H,0,0,D,S Bennett,10,13,7,5,6,13,4,12,1,3,0,0
E0,2/4/2005,12:00,Man United,Blackburn,0,0,D,0,0,D,M Riley,23,9,9,3,21,18,9,3,3,2,0,0
E0,2/4/2005,14:05,Newcastle,Aston Villa,0,3,A,0,1,A,B Knight,20,8,12,5,14,24,8,6,1,2,3,0
E0,2/4/2005,16:30,Southampton,Chelsea,1,3,A,0,2,A,M Halsey,4,12,3,8,11,10,4,3,0,2,0,0
E0,3/4/2005,19:00,Fulham,Portsmouth,3,1,H,0,1,A,M Clattenburg,12,8,7,4,14,10,5,5,3,3,0,0
E0,3/4/2005,18:00,West Brom,Everton,1,0,H,0,0,D,G Poll,8,8,4,2,15,20,7,7,1,2,0,0
E0,9/4/2005,20:15,Blackburn,Southampton,3,0,H,1,0,H,N Barry,15,9,8,3,19,14,4,2,2,1,0,0
E0,9/4/2005,20:00,Bolton,Fulham,3,1,H,2,0,H,D Gallagher,15,7,10,4,6,14,4,6,0,2,0,1
E0,9/4/2005,12:30,Chelsea,Birmingham,1,1,D,0,0,D,C Foy,19,2,12,1,17,12,8,5,2,2,0,0
E0,9/4/2005,20:15,Man City,Liverpool,1,0,H,0,0,D,M Riley,11,6,8,1,8,11,5,2,1,1,0,0
E0,9/4/2005,13:30,Middlesbrough,Arsenal,0,1,A,0,0,D,P Dowd,9,7,6,1,11,9,5,3,1,1,0,0
E0,9/4/2005,16:00,Norwich,Man United,2,0,H,0,0,D,H Webb,7,16,5,8,19,18,3,4,2,2,0,0
E0,9/4/2005,20:00,Portsmouth,Charlton,4,2,H,2,2,D,G Poll,13,8,9,4,11,14,5,4,1,3,0,0
E0,10/4/2005,20:00,Aston Villa,West Brom,1,1,D,1,0,H,R Styles,14,7,7,5,6,10,5,5,1,2,1,1
E0,10/4/2005,18:00,Everton,Crystal Palace,4,0,H,1,0,H,U Rennie,13,11,8,3,10,14,4,9,1,1,0,0
E0,10/4/2005,20:15,Tottenham,Newcastle,1,0,H,1,0,H,S Bennett,19,6,6,3,9,15,4,7,2,2,0,0
E0,16/04/05,20:00,Birmingham,Portsmouth,0,0,D,0,0,D,P Walton,9,5,4,4,16,12,7,5,1,2,0,0
E0,16/04/05,20:00,Charlton,Bolton,1,2,A,1,1,D,A Wiley,18,11,10,5,10,14,8,2,0,1,0,0
E0,16/04/05,12:30,Crystal Palace,Norwich,3,3,D,1,1,D,R Styles,12,12,10,8,17,21,7,3,2,2,0,0
E0,16/04/05,17:30,Fulham,Man City,1,1,D,0,1,A,N Barry,8,7,3,3,9,19,6,8,0,1,0,0
E0,16/04/05,20:00,Liverpool,Tottenham,2,2,D,1,1,D,M Halsey,18,9,7,6,5,7,12,3,0,0,0,0
E0,16/04/05,12:00,Southampton,Aston Villa,2,3,A,2,0,H,A D'Urso,16,11,8,7,10,17,5,8,1,2,0,0
E0,19/04/05,14:00,Bolton,Southampton,1,1,D,1,0,H,M Clattenburg,22,5,16,4,9,9,5,2,2,0,0,0
E0,19/04/05,19:00,Middlesbrough,Fulham,1,1,D,0,0,D,R Styles,8,7,4,2,11,12,2,6,1,0,0,0
E0,20/04/05,20:00,Aston Villa,Charlton,0,0,D,0,0,D,B Knight,13,12,5,3,14,9,6,5,0,1,0,0
E0,20/04/05,20:00,Blackburn,Crystal Palace,1,0,H,1,0,H,P Walton,18,4,7,3,11,19,11,6,3,2,0,0
E0,20/04/05,12:30,Chelsea,Arsenal,0,0,D,0,0,D,S Bennett,9,6,3,4,10,16,2,2,1,3,0,0
E0,20/04/05,15:00,Everton,Man United,1,0,H,0,0,D,P Dowd,7,16,3,11,18,17,4,5,3,2,0,2
E0,20/04/05,17:30,Man City,Birmingham,3,0,H,0,0,D,M Atkinson,8,5,4,1,11,9,8,3,0,1,0,0
E0,20/04/05,20:00,Norwich,Newcastle,2,1,H,0,0,D,A Marriner,15,24,8,10,12,11,6,6,0,0,0,0
E0,20/04/05,14:00,Portsmouth,Liverpool,1,2,A,1,2,A,H Webb,8,19,6,12,10,8,5,4,1,0,0,0
E0,20/04/05,19:15,Tottenham,West Brom,1,1,D,0,1,A,C Foy,15,10,5,4,12,12,7,3,2,0,0,0
E0,23/04/05,18:00,Aston Villa,Bolton,1,1,D,1,0,H,ﾠU Rennie,13,12,10,6,17,13,7,5,0,2,0,0
E0,23/04/05,20:15,Blackburn,Man City,0,0,D,0,0,D,ﾠC Foy,11,7,5,1,20,17,6,2,0,0,0,0
E0,23/04/05,20:00,Chelsea,Fulham,3,1,H,1,1,D,ﾠA Wiley,12,10,7,4,7,11,4,6,1,1,0,0
E0,23/04/05,12:30,Crystal Palace,Liverpool,1,0,H,1,0,H,ﾠD Gallagher,6,9,3,7,19,14,4,1,2,5,0,0
E0,23/04/05,15:00,Everton,Birmingham,1,1,D,0,1,A,ﾠA D'Urso,11,9,6,4,18,18,9,5,2,3,0,0
E0,23/04/05,17:30,Middlesbrough,West Brom,4,0,H,3,0,H,ﾠH Webb,12,15,8,9,12,12,1,4,1,1,0,0
E0,23/04/05,20:15,Norwich,Charlton,1,0,H,0,0,D,ﾠM Atkinson,13,11,6,6,8,9,7,8,1,1,0,0
E0,24/04/05,12:00,Man United,Newcastle,2,1,H,0,1,A,ﾠN Barry,18,11,10,5,8,20,9,4,1,0,0,0
E0,24/04/05,14:05,Portsmouth,Southampton,4,1,H,4,1,H,ﾠS Dunn,18,11,8,8,15,11,4,7,2,1,0,0
E0,25/04/05,16:30,Arsenal,Tottenham,1,0,H,1,0,H,M Riley,12,7,3,1,17,15,4,7,0,4,0,0
E0,26/04/05,19:00,West Brom,Blackburn,1,1,D,1,0,H,S Bennett,9,14,3,7,13,15,6,4,3,4,0,0
E0,27/04/05,20:00,Newcastle,Middlesbrough,0,0,D,0,0,D,M Halsey,11,5,5,3,8,9,7,1,1,2,0,0
E0,30/04/05,18:00,Birmingham,Blackburn,2,1,H,0,1,A,B Knight,10,5,6,1,15,16,6,1,2,1,0,0
E0,30/04/05,20:15,Bolton,Chelsea,0,2,A,0,0,D,S Dunn,14,8,6,5,17,14,7,2,4,1,0,0
E0,30/04/05,20:15,Fulham,Everton,2,0,H,2,0,H,S Bennett,11,11,6,4,18,16,3,7,1,3,1,0
E0,30/04/05,18:00,Liverpool,Middlesbrough,1,1,D,0,1,A,P Dowd,12,6,6,3,10,20,7,4,2,3,0,0
E0,30/04/05,20:15,Man City,Portsmouth,2,0,H,2,0,H,A Marriner,13,7,7,3,14,6,7,5,0,1,0,0
E0,30/04/05,20:00,Newcastle,Crystal Palace,0,0,D,0,0,D,A Wiley,16,7,9,3,16,15,5,2,1,1,0,0
E0,30/04/05,12:30,Southampton,Norwich,4,3,H,3,3,D,G Poll,15,14,9,7,18,13,6,8,3,2,0,0
E0,1/5/2005,15:00,Charlton,Man United,0,4,A,0,2,A,D Gallagher,6,18,4,12,6,15,1,7,0,2,1,0
E0,1/5/2005,20:00,Tottenham,Aston Villa,5,1,H,3,1,H,M Clattenburg,20,4,14,3,13,17,9,3,1,2,0,0
E0,2/5/2005,12:00,West Brom,Arsenal,0,2,A,0,0,D,N Barry,7,8,3,5,12,11,9,0,0,0,0,0
E0,4/5/2005,14:05,Fulham,Newcastle,1,3,A,0,1,A,G Poll,6,4,3,3,11,13,1,2,1,1,0,0
E0,7/5/2005,16:30,Aston Villa,Man City,1,2,A,0,2,A,R Beeby,15,10,8,4,8,18,6,2,1,1,0,0
E0,7/5/2005,19:00,Blackburn,Fulham,1,3,A,1,1,D,P Dowd,13,8,6,6,11,23,8,5,2,2,1,1
E0,7/5/2005,18:00,Chelsea,Charlton,1,0,H,0,0,D,M Riley,15,6,6,3,7,13,2,5,0,0,0,0
E0,7/5/2005,18:00,Crystal Palace,Southampton,2,2,D,1,1,D,H Webb,14,7,6,3,16,18,5,2,3,1,1,1
E0,7/5/2005,19:00,Everton,Newcastle,2,0,H,1,0,H,B Knight,8,9,6,4,22,11,3,2,3,1,0,1
E0,7/5/2005,20:15,Man United,West Brom,1,1,D,1,0,H,M Halsey,27,2,14,0,10,13,12,0,1,0,0,0
E0,7/5/2005,18:00,Middlesbrough,Tottenham,1,0,H,1,0,H,D Gallagher,16,5,8,2,14,10,4,3,1,3,0,0
E0,7/5/2005,18:00,Norwich,Birmingham,1,0,H,1,0,H,S Bennett,8,22,4,9,20,10,1,7,1,5,0,1
E0,7/5/2005,18:00,Portsmouth,Bolton,1,1,D,0,1,A,M Messias,9,12,4,4,12,23,2,9,0,2,0,0
E0,8/5/2005,19:00,Arsenal,Liverpool,3,1,H,2,0,H,G Poll,11,11,8,6,13,10,1,4,0,2,0,0
E0,10/5/2005,20:15,Man United,Chelsea,1,3,A,1,1,D,G Poll,15,7,9,6,11,14,7,0,2,3,0,0
E0,11/5/2005,20:15,Arsenal,Everton,7,0,H,3,0,H,A Wiley,19,7,12,3,9,12,4,2,2,0,0,0
E0,15/05/05,16:00,Birmingham,Arsenal,2,1,H,0,0,D,D Gallagher,9,11,4,5,10,8,3,2,1,0,0,0
E0,15/05/05,16:00,Bolton,Everton,3,2,H,0,1,A,N Barry,16,10,9,5,12,17,5,6,2,1,1,0
E0,15/05/05,16:00,Charlton,Crystal Palace,2,2,D,1,0,H,M Clattenburg,8,9,5,6,14,14,3,8,2,2,0,0
E0,15/05/05,16:00,Fulham,Norwich,6,0,H,2,0,H,S Dunn,13,2,9,0,11,12,4,13,0,1,0,0
E0,15/05/05,16:00,Liverpool,Aston Villa,2,1,H,2,0,H,B Knight,15,13,7,4,10,16,9,5,0,0,0,0
E0,15/05/05,16:00,Man City,Middlesbrough,1,1,D,0,1,A,R Styles,10,4,5,3,12,15,10,3,2,4,0,0
E0,15/05/05,16:00,Newcastle,Chelsea,1,1,D,1,1,D,H Webb,8,12,4,7,11,17,6,4,4,4,0,0
E0,15/05/05,16:00,Southampton,Man United,1,2,A,1,1,D,S Bennett,11,16,3,8,14,13,5,3,1,2,0,0
E0,15/05/05,16:00,Tottenham,Blackburn,0,0,D,0,0,D,A Wiley,11,12,7,8,10,14,5,7,2,2,0,0
E0,15/05/05,16:00,West Brom,Portsmouth,2,0,H,0,0,D,M Riley,9,8,5,2,12,13,6,1,0,1,0,0
